<?xml version="1.0" encoding="utf-8"?>
<Addin 
    id="Banshee.RandomByLastfm"
    version="0.4"
    compatVersion="0.4"
    copyright="Copyright © 2010 Raimo Radczewski Licensed under the MIT X11 license."
    name="Last.fm Shuffle Modes"
    category="Community Extensions"
    description="Shuffle your library using information from the Last.fm online service."
    author="Raimo Radczewski"
    url="http://banshee-project.org/"
    defaultEnabled="false">

  <Localizer type="Gettext" catalog="banshee-community-extensions" location="../../../share/locale"/>

  <Dependencies>
    <Addin id="Banshee.Services" version="1.0"/>
    <Addin id="Banshee.ThickClient" version="1.0"/>
  </Dependencies>

  <Extension path="/Banshee/PlaybackController/ShuffleModes">
    <ShuffleMode class="Banshee.RandomByLastfm.RandomByLastfmSimilarArtists"/>
    <ShuffleMode class="Banshee.RandomByLastfm.RandomByLastfmUserTopArtists"/>
  </Extension>

</Addin>
