<?xml version="1.0" encoding="utf-8"?>
<Addin
    id="Banshee.OpenVP.Visualizations"
    version="1.0"
    compatVersion="1.0"
    copyright="© 2008 Chris Howie. Licensed under the MIT X11 license."
    name="Visualizations"
    category=""
    description="Provides some basic visualizations for the visualizer."
    author="Chris Howie"
    url="http://www.chrishowie.com/"
    defaultEnabled="true">

  <Runtime>
  	<Import assembly="Banshee.OpenVP.Visualizations.dll" />
  </Runtime>

  <Dependencies>
    <Addin id="Banshee.OpenVP" version="1.0"/>
  </Dependencies>

  <Extension path="/Banshee/OpenVP/Visualization">
  	<Visualization type="Banshee.OpenVP.Visualizations.SimpleScope" label="Simple Scope" />
  	<Visualization type="Banshee.OpenVP.Visualizations.SpectrumAnalyzer" label="Spectrum Analyzer" />
  	<Visualization type="Banshee.OpenVP.Visualizations.SpectrumScan" label="Spectrum Scan" />
  	<Visualization type="Banshee.OpenVP.Visualizations.SpectrumRain" label="Spectrum Rain" />
  	<Visualization type="Banshee.OpenVP.Visualizations.Voiceprint" label="Voiceprint" />
  	<Visualization type="Banshee.OpenVP.Visualizations.ScaleVoiceprint" label="Scaled Voiceprint" />
  	<Visualization type="Banshee.OpenVP.Visualizations.MirrorVoiceprint" label="Mirrored Voiceprint" />
  	<Visualization type="Banshee.OpenVP.Visualizations.Grid" label="Grid" />
  	<Visualization type="Banshee.OpenVP.Visualizations.SpinningGrid" label="Spinning Grid" />
  	<Visualization type="Banshee.OpenVP.Visualizations.Inferno" label="Inferno" />
  	<Visualization type="Banshee.OpenVP.Visualizations.GlassWall" label="Glass Wall" />
  	<Visualization type="Banshee.OpenVP.Visualizations.Core" label="Power Core" />
  	<Visualization type="Banshee.OpenVP.Visualizations.GreenFlower" label="Green Flower" />
  	<Visualization type="Banshee.OpenVP.Visualizations.Conway.GenerationalLifeVis" label="Conway" />
  </Extension>
</Addin>
