<?xml version="1.0" encoding="utf-8"?>

<Addin 
    id="Banshee.Lirc"
    version="0.1"
    compatVersion="0.1"
    copyright="© Jean-Baptiste Lab. Licensed under the MIT X11 license."
    name="Infrared Remote Control"
    category="Community Extensions"
    description="Control Banshee via a normal (infrared) remote control. Requires LIRC."
    author="Jean-Baptiste Lab"
    url=""
    defaultEnabled="false">

  <Localizer type="Gettext" catalog="banshee-community-extensions" location="../../../share/locale"/>

  <Dependencies>
    <Addin id="Banshee.Services" version="1.0"/>
    <Addin id="Banshee.ThickClient" version="1.0"/>
  </Dependencies>

  <Extension path="/Banshee/ServiceManager/Service">
    <Service class="Banshee.Lirc.LircPlugin"/>   
  </Extension>  
</Addin>
