<?xml version="1.0" encoding="utf-8"?>
<Addin 
    id="Banshee.LCD"
    version="1.0"
    compatVersion="1.0"
    copyright="Copyright © 2010 André Gaul. Licensed under the MIT X11 license."
    name="LCD Device Display"
    category="Community Extensions"
    description="Display track info on a LCD using LCDproc."
    author="André Gaul"
    url="http://banshee-project.org/"
    defaultEnabled="false">

  <Localizer type="Gettext" catalog="banshee-community-extensions" location="../../../share/locale"/>

  <Dependencies>
    <Addin id="Banshee.Services" version="1.0"/>
    <Addin id="Banshee.ThickClient" version="1.0"/>
  </Dependencies>
 
  <Extension path="/Banshee/ServiceManager/Service">
    <Service class="Banshee.LCD.LCDService"/>
  </Extension>

</Addin>
