<?xml version="1.0" encoding="utf-8"?>
<Addin 
    id="Magnatune"
    version="1.0"
    compatVersion="1.0"
    copyright="© 2008 Max Battcher. Licensed under the MIT X11 license."
    name="Magnatune for Banshee"
    category="Community Extensions"
    description="Magnatune for Banshee"
    author="Max Battcher"
    url="http://magnatune.code.worldmaker.net/"
    defaultEnabled="false">

  <Localizer type="Gettext" catalog="banshee-community-extensions" location="../../../share/locale"/>

  <Dependencies>
    <Addin id="Banshee.Services" version="1.0"/>
    <Addin id="Banshee.ThickClient" version="1.0"/> 
  </Dependencies>

  <Extension path="/Banshee/SourceManager/Source">
    <Source class="Banshee.Magnatune.RadioSource" />
  </Extension>

</Addin>
