<ui>
  <menubar name="MainMenu" action="MainMenuAction">
    <menu name="MediaMenu" action="MediaMenuAction">
      <placeholder name="BelowOpenLocation">
        <menuitem action="AddToInternetRadioAction" />
        <menuitem action="RefreshLiveRadioAction" />
      </placeholder>
    </menu>
  </menubar>
	<popup name="TrackContextMenu" action="TrackContextMenuAction">
	    <placeholder name="AboveAddToInternetRadio">
	        <menuitem name="AddToInternetRadio" action="AddToInternetRadioAction"></menuitem>
	    </placeholder>
	</popup>
  <toolbar name="HeaderToolbar">
      <placeholder name="SourceActions">
          <toolitem action="AddToInternetRadioAction" />
          <toolitem action="RefreshLiveRadioAction" />
      </placeholder>
  </toolbar>
</ui>