<?xml version="1.0" encoding="utf-8"?>
<Addin 
    id="Banshee.LiveRadio"
    version="0.1"
    compatVersion="1.0"
    copyright="Copyright © 2010 Frank Ziegler. Licensed under the MIT X11 license."
    name="LiveRadio"
    category="Community Extensions"
    description="Find and listen to internet radio stations from various web directories."
    author="Frank Ziegler"
    url="http://gitorious.org/banshee-community-extension/"
    defaultEnabled="false">

  <Localizer type="Gettext" catalog="banshee-community-extensions" location="../../../share/locale"/>

  <Dependencies>
    <Addin id="Banshee.Services" version="1.0"/>
    <Addin id="Banshee.ThickClient" version="1.0"/>
  </Dependencies>

  <Extension path="/Banshee/SourceManager/Source">
    <Source class="Banshee.LiveRadio.LiveRadioSource"/>
  </Extension>

</Addin>
