<?xml version="1.0" encoding="utf-8"?>
<Addin 
    id="Banshee.Telepathy"
    version="0.1.1"
    compatVersion="0.1.1"
    copyright="© 2009 Neil Loknath. Licensed under the MIT X11 license."
    name="Telepathy"
    category="Community Extensions"
    description="Share music with your instant messaging friends."
    author="Neil Loknath"
    url="http://banshee-project.org/"
    defaultEnabled="false">

  <Localizer type="Gettext" catalog="banshee-community-extensions" location="../../../share/locale"/>

  <Dependencies>
    <Addin id="Banshee.Services" version="1.0"/>
    <Addin id="Banshee.ThickClient" version="1.0"/>
  </Dependencies>

  <Extension path="/Banshee/ServiceManager/Service">
    <Service class="Banshee.Telepathy.TelepathyService"/>
  </Extension>

</Addin>
