<?xml version="1.0" encoding="utf-8"?>
<Addin 
    id="Banshee.CoverWallpaper"
    version="0.1"
    compatVersion="1.0"
    copyright="© 2009 David Corrales under the MIT X11 license."
    name="Cover Art Wallpaper"
    category="Community Extensions"
    description="Displays the current album cover art as the wallpaper."
    author="David Corrales"
    url="http://code.google.com/p/banshee-unofficial-plugins/"
    defaultEnabled="false">

  <Localizer type="Gettext" catalog="banshee-community-extensions" location="../../../share/locale"/>

  <Dependencies>
    <Addin id="Banshee.Services" version="1.0"/>
    <Addin id="Banshee.ThickClient" version="1.0"/>
    <Service name="InterfaceActionService"/>
  </Dependencies>

  <Extension path="/Banshee/ServiceManager/Service">
    <Service class="Banshee.CoverWallpaper.CoverWallpaperService"/>
  </Extension>
</Addin>
