<?xml version="1.0" encoding="utf-8"?>
<Addin 
    id="Banshee.ClutterFlow"
    version="0.4.0"
    compatVersion="1.0"
    copyright="© 2009 Mathijs Dumon Licensed under the MIT X11 license."
    name="ClutterFlow"
    category="Community Extensions"
    description="Browse your albums in a cover art flip-book-like view."
    author="Mathijs Dumon"
    url="http://banshee-project.org/"
    defaultEnabled="false">

  <Localizer type="Gettext" catalog="banshee-community-extensions" location="../../../share/locale"/>

  <Dependencies>
    <Addin id="Banshee.Services" version="1.0"/>
    <Addin id="Banshee.ThickClient" version="1.0"/>
    <Addin id="Banshee.NowPlaying" version="1.0"/>
  </Dependencies>

  <Extension path="/Banshee/ServiceManager/Service">
    <Service class="Banshee.ClutterFlow.ClutterFlowService"/>
  </Extension>
</Addin>
