<?xml version="1.0" encoding="utf-8"?>
<Addin 
    id="Banshee.RadioStationFetcher"
    version="0.1"
    compatVersion="1.0"
    copyright="© 2009 Akseli Mantila. Licensed under the MIT X11 license."
    name="Radio Station Fetcher"
    category="Community Extensions"
    description="Fetch internet radio stations from services like shoutcast.com."
    author="Akseli Mantila"
    url="http://aksussummerofcode.blogspot.com/"
    defaultEnabled="false">

  <Localizer type="Gettext" catalog="banshee-community-extensions" location="../../../share/locale"/>

  <Dependencies>
    <Addin id="Banshee.Services" version="1.0"/>
    <Addin id="Banshee.ThickClient" version="1.0"/>
    <Addin id="Banshee.InternetRadio" version="1.0"/>
  </Dependencies>

  <Extension path="/Banshee/ServiceManager/Service">
    <Service class="Banshee.RadioStationFetcher.RadioStationFetcherService"/>   
  </Extension>
  
</Addin>
