<?xml version="1.0" encoding="utf-8"?>
<Addin 
    id="Banshee.Mirage"
    version="0.1"
    copyright="© 2007 Dominik Schnitzer. Copyright 2010 Novell, Inc.  Licensed under the GPL license."
    name="Mirage Similarity Engine"
    category="Community Extensions"
    description="Adds playback shuffle-by-similar and Auto DJ fill-by-similar modes, based on songs' acoustic similarity."
    author="Dominik Schnitzer, Bertrand Lorentz, Gabriel Burt"
    url="http://hop.at/mirage/"
    defaultEnabled="false">

  <Localizer type="Gettext" catalog="banshee-community-extensions" location="../../../share/locale"/>

  <Dependencies>
    <Addin id="Banshee.Services" version="1.0"/>
    <Addin id="Banshee.ThickClient" version="1.0"/>
  </Dependencies>

  <Extension path="/Banshee/ServiceManager/Service">
    <Service class="Banshee.Mirage.MiragePlugin"/>
  </Extension>

  <Extension path="/Banshee/PlaybackController/ShuffleModes">
    <ShuffleMode class="Banshee.Mirage.RandomBySimilar"/>
  </Extension>
  
</Addin>
