<?xml version="1.0" encoding="utf-8"?>
<Addin 
    id="Banshee.AlbumArtWriter"
    version="1.0"
    compatVersion="1.0"
    copyright="Copyright © 2011 Kevin Anthony. Licensed under the MIT X11 license."
    name="Album Art Writer"
    category="Community Extensions"
    description="Writes Album Art from cache to the folder containing the music files."
    author="Kevin Anthony"
    url="http://banshee-project.org/"
    defaultEnabled="false">

  <Localizer type="Gettext" catalog="banshee-community-extensions" location="../../../share/locale"/>

  <Dependencies>
    <Addin id="Banshee.Services" version="1.0"/>
    <Addin id="Banshee.ThickClient" version="1.0"/>
    <Service name="InterfaceActionService"/>
  </Dependencies>

  <Extension path="/Banshee/ServiceManager/Service">
    <Service class="Banshee.AlbumArtWriter.AlbumArtWriterService"/>
  </Extension>

</Addin>
